{"cameraMode":{"drawMode":0,"name":"Shaded","section":"Shading Mode"},"sceneLighting":false,"audioPlay":false,"sceneViewState":{"showFog":true,"showMaterialUpdate":true,"showSkybox":true,"showFlares":true,"showImageEffects":true,"showParticleSystems":true},"in2DMode":false,"pivot":{"x":0.5414804220199585,"y":-0.37331628799438479,"z":1.1019625663757325},"rotation":{"x":0.18922176957130433,"y":0.4382580816745758,"z":-0.09492998570203781,"w":0.8735635280609131},"size":2.3234360218048097,"orthographic":false}