{"cameraMode":{"drawMode":0,"name":"Shaded","section":"Shading Mode"},"sceneLighting":false,"audioPlay":false,"sceneViewState":{"showFog":true,"showMaterialUpdate":true,"showSkybox":true,"showFlares":true,"showImageEffects":true,"showParticleSystems":true},"in2DMode":false,"pivot":{"x":0.6099944114685059,"y":0.31844741106033327,"z":0.26172780990600588},"rotation":{"x":0.10363934189081192,"y":0.7661646604537964,"z":-0.1278211623430252,"w":0.6212185025215149},"size":1.434910535812378,"orthographic":false}