{"cameraMode":{"drawMode":0,"name":"Shaded","section":"Shading Mode"},"sceneLighting":false,"audioPlay":false,"sceneViewState":{"showFog":true,"showMaterialUpdate":true,"showSkybox":true,"showFlares":true,"showImageEffects":true,"showParticleSystems":true},"in2DMode":false,"pivot":{"x":0.1151197999715805,"y":-0.023455530405044557,"z":-0.12957549095153809},"rotation":{"x":0.02351910062134266,"y":0.974590003490448,"z":-0.18522383272647859,"w":0.12374711781740189},"size":0.7770227789878845,"orthographic":false}