{"cameraMode":{"drawMode":0,"name":"Shaded","section":"Shading Mode"},"sceneLighting":false,"audioPlay":false,"sceneViewState":{"showFog":true,"showMaterialUpdate":true,"showSkybox":true,"showFlares":true,"showImageEffects":true,"showParticleSystems":true},"in2DMode":false,"pivot":{"x":0.16259419918060304,"y":-0.06304287910461426,"z":-0.17535418272018434},"rotation":{"x":-0.33841052651405337,"y":0.6097533106803894,"z":-0.32235023379325869,"w":-0.6401324272155762},"size":0.8759128451347351,"orthographic":false}