{"cameraMode":{"drawMode":0,"name":"Shaded","section":"Shading Mode"},"sceneLighting":false,"audioPlay":false,"sceneViewState":{"showFog":true,"showMaterialUpdate":true,"showSkybox":true,"showFlares":true,"showImageEffects":true,"showParticleSystems":true},"in2DMode":false,"pivot":{"x":0.3369489312171936,"y":-4.756346702575684,"z":4.198029518127441},"rotation":{"x":-0.4390069246292114,"y":-0.008348994888365269,"z":0.004078845027834177,"w":-0.898435652256012},"size":23.36123275756836,"orthographic":false}